

 {"steps": [0, 1, 2, 3, 4, 5, 6, 7, 8, 9, 10, 11, 12, 13, 14, 15, 16, 17, 18, 19, 20, 21, 22, 23, 24, 25, 26, 27, 28, 29, 30, 31, 32, 33, 34, 35, 36, 37, 38, 39, 40, 41, 42, 43, 44, 45, 46, 47, 48, 49, 50, 51, 52, 53, 54, 55, 56, 57, 58, 59, 60, 61, 62, 63, 64, 65, 66, 67, 68, 69, 70, 71, 72, 73, 74,75,76,77,78,79,80, 81, 82, 83, 84, 85, 86, 87, 88, 89, 90, 91, 92, 93, 94, 95, 96, 97, 98, 99, 100, 101, 102, 103, 104, 105, 106, 107, 108, 109, 110, 111, 112, 113, 114, 115, 116, 117, 118, 119, 120, 121, 122, 123, 124, 125, 126, 127, 128, 129, 130, 131, 132, 133, 134, 135, 136, 137, 138, 139, 140, 141, 142, 143, 144, 145],
 "losses": [0.23427265882492065, 0.22226962447166443, 0.179470494389534, 0.1709262728691101, 0.22776849567890167, 0.20268379151821136, 0.21225319802761078, 0.18175339698791504, 0.18199999630451202, 0.2083500176668167, 0.20729298889636993, 0.18077068030834198, 0.19107405841350555, 0.24426668882369995, 0.1440698653459549, 0.21242018043994904, 0.21573694050312042, 0.2190985381603241, 0.16692619025707245, 0.15998612344264984, 0.25213029980659485, 0.23791542649269104, 0.14661329984664917, 0.188871368765831, 0.17907172441482544, 0.20030708611011505, 0.14079692959785461, 0.19040562212467194, 0.25918513536453247, 0.21642449498176575, 0.1709434539079666, 0.18182744085788727, 0.15743206441402435, 0.17649684846401215, 0.21725663542747498, 0.19434058666229248, 0.1681477576494217, 0.19704961776733398, 0.17315633296966553,0.17315633296966553,0.17315633296966553,0.17315633296966553,
 0.13186834752559662, 0.11410921812057495, 0.12021254003047943, 0.10933705419301987, 0.15031301975250244, 0.09424470365047455, 0.11303023248910904, 0.1024642065167427, 0.10889066010713577, 0.12013377994298935, 0.08577899634838104, 0.10602210462093353, 0.10524921119213104, 0.0942562147974968, 0.12536104023456573, 0.11486794054508209, 0.10820907354354858, 0.10114175081253052, 0.12851670384407043, 0.10273083299398422, 0.1103782132267952, 0.12253738194704056, 0.1005021184682846, 0.10125694423913956, 0.12297149747610092, 0.10992008447647095, 0.10175856947898865, 0.12291978299617767, 0.11938519030809402, 0.11774589121341705, 0.09798746556043625, 0.12236770987510681, 0.09351414442062378, 0.1076696589589119, 0.11876154690980911, 0.1284344345331192, 0.1074976846575737, 0.12596434354782104, 0.13011227548122406, 0.10872320085763931, 0.12877532839775085, 0.09346026182174683, 0.12131135910749435, 0.11185355484485626, 0.0872824415564537, 0.1228654682636261, 0.11485712975263596, 0.11995166540145874, 0.11068164557218552, 0.11473254859447479, 0.10941207408905029, 0.14425040781497955, 0.1403893381357193, 0.10086695849895477, 0.1377897709608078, 0.10272139310836792, 0.1010017842054367, 0.10590977966785431, 0.09813085198402405, 0.11043871194124222, 0.10799187421798706, 0.10646932572126389, 0.10847366601228714, 0.1264728605747223, 0.11308657377958298, 0.1159263327717781, 0.1257227063179016, 0.12795056402683258, 0.11913461238145828, 0.09880056232213974, 0.1039290577173233, 0.1177620217204094, 0.11463890224695206, 0.09993620216846466, 0.09166453778743744, 0.10878456383943558, 0.10887463390827179, 0.10450198501348495, 0.11373240500688553, 0.09805966913700104, 0.11595502495765686, 0.10456361621618271, 0.12032966315746307, 0.10047875344753265, 0.10518037527799606, 0.11340457201004028, 0.11213837563991547, 0.13115064799785614, 0.09900671243667603, 0.12381625175476074, 0.12289034575223923, 0.11879074573516846, 0.12278051674365997, 0.11300575733184814, 0.09197872132062912, 0.12763269245624542, 0.11475414037704468, 0.09525735676288605, 0.10529683530330658, 0.11031479388475418, 0.11187223345041275, 0.10006627440452576, 0.10334137827157974, 0.09987924247980118]}